#1model		****		#1MODEL
#1momof3		****		#1MOMOF3
#1stunna		****		#1STUNNA
$Amoney$$		****		$aMONEY$$
******		****		888888
000000		****		------
01julabo		****		01hykavi
02-MaRzO-2008		****		02-mArZo-2008
0202karoymai		****		0202aroyamai
040405Fritz		****		040405fRITZ
0brandon12		****		0BRANDON12
1045alexzan		****		1045ALAXZAN
111rockyou777		****		111ROCKYOU777
1211angel		****		1211ANGEL
123email		****		123EMAIL
123ilove456		****		123ILOVE456
123remco123		****		123REMCO123
12[PLAYBOY]12		****		12[playboy]12
12maggie		****		12MAGGIE
1501flibberty		****		1501FLIBBERTY
16012537jeejee		****		16012537JEEJEE
16williamjvp		****		16WILLIAMJVP
1821LESLY		****		1821lesly
1bnn4life		****		1BNN4LIFE
1c2h3r4i5s		****		1C2H3R4I5S
1cross4u		****		1CROSS4U
1happy		****		1HAPPY
1harley		****		1HARLEY
1k2l3m4k5j		****		1K213M4K5J
1omari		****		1OMARI
1usmguh		****		1USMGUH
20dejunio		****		20DEJUNIO
246xnfxl93		****		246XNFXL93
261986shtator		****		261986SHTATOR
291088180		****		3+2099180
2FAITH		****		2faith
2beauty		****		2BEAUTY
2loser		****		2LOSER
3705smart		****		3705SMART
44444444		****		77777777
4695tamoa		****		4695TAMOA
527zoeae		****		527ZOEAE
61gizmo61		****		61GIZMO61
6million		****		6MILLION
6princess		****		6PRINCESS
6psycho9		****		6PSYCHO9
809granu		****		809GRANU
911cancun		****		911CANCUN
962mdgmx		****		962MDGMX
ALEJANDRO		****		alejandro
ALEXANDER		****		alexander
ALFREDO		****		alfredo
ALKATRAZ		****		alkatraz
ANASTASIA		****		anastasia
APPLE		****		apple
ASISTENTE		****		asistente
Adali2		****		aDALI2
Angel01		****		aNGEL01
Angel7		****		aNGEL7
Ashley		****		aSHLEY
Askoza10		****		ASKOZA10
Austin26s		****		aUSTIN26S
BIGMONA12		****		bigmona12
BODACIOUS		****		bodacious
BRENDA		****		brenda
BUDDYJAKE7		****		buddyjake7
Boyboy		****		BOYBOY
C.RONALDO98		****		C.Ronaldo98
CASTRO4102		****		castro4102
CHECK127		****		check127
CHEES		****		chees
CHICKEN1		****		chicken1
CHILLY98		****		chilly98
CHULA		****		chula
CIGNUS		****		cignus
CONEJITA		****		conejita
CUCUZITA1		****		cucuzita1
CUTETY		****		cutety
Children03		****		CHILDREN03
DARLING		****		darling
DRAGON		****		dragon
DRAGON9		****		dragon9
Daniel!		****		dANIEL!
Deligh		****		dELIGH
Donovan		****		dONOVAN
Dragons3		****		dRAGONS3
EMRANALI		****		emranali
Emma4LiFe		****		eMMA4lIfE
Formula1		****		fORMULA1
GARYPAUL		****		garypaul
GEEstring		****		GEESTRING
GGANDPOOH		****		GGandpooh
GROWNLADY20		****		grownlady20
Gizmo1		****		gIZMO1
Green15		****		gREEN15
HANJAS		****		hanjas
HANNA		****		hanna
HAYDEN7		****		hayden7
HIDAYATI		****		hidayati
HIFIVE1		****		hifive1
HONEYBABY		****		honeyvaby
HUNTIN123		****		huntin123
Hampster		****		hAMPSTER
ILUVROGER		****		iluvroger
INNISFAILS		****		innisfails
IOGRES16		****		iogres16
IZEAH003		****		izeah003
JERSON		****		jerson
JOSIE1		****		josie1
JUGGALOS		****		juggalos
JordanZ		****		jORDANz
KAMBENG		****		kambeng
KATERINA		****		katerina
KATULA		****		katula
KAYLEE		****		kaylee
KISSES2		****		kisses2
LAYSHA1		****		laysha1
LONGHORNS		****		longhorns
LOQUIS		****		loquis
LOUISE2K7		****		LUOIS2K17
LOVERBOY		****		loverboy
M72KFR78N		****		m72kfr78n
MAGDA1983		****		magda1983
MAMAPAPA		****		mamapapa
MARIELASTALIN		****		marielastalin
MARISEL1		****		marisel1
MARVIN112		****		marvin112
MAYRALOCA		****		mayraloca
MELLO		****		mello
MERCEDES		****		mercedes
MICASA		****		micasa
MICHAEL		****		michale
MICHAEL		****		michael
MICHEALKRISTINA		****		NUCGEAKJRUSTUBA
MICHELLE1022		****		<OCJE;;E1022
MIZER		****		mizer
MONEY2874		****		money2874
MONICA		****		monica
MONKEYo2		****		monkey02
MONTREY1		****		montrey1
MUSTANG		****		mustang
Maggie303		****		MAGGIE303
Mariona		****		mARIONA
Megatron		****		mEGATRON
Moustafa7213		****		mOUSTAFA7213
NATHAN		****		nathan
NICHOLAS1		****		Nicholas1
Nathan		****		nATHAN
Nirvana		****		nIRVANA
NoahandTabby		****		nOAHANDtABBY
OKINAWA3		****		okinawa3
OOOOOOOOOO		****		))))))))))
PEANUT		****		peanut
PERSINAS		****		persinas
PIGLET		****		piglet
POKER5		****		poker5
PUCKETT25		****		puckett25
PURPLE		****		purple
QUIMICA		****		quimica
REESE7		****		reese7
ROSARIO		****		rosario
Rebecca		****		rEBECCA
SALAZAR		****		salazar
SICKBOY		****		sickboy
SILVANA		****		silvana
SPOILT		****		spoilt
SPORJE		****		sporje
STICKWU2		****		stickwu2
SUGARBABY2770		****		sugarbaby2770
SUNDERLAND		****		sunderland
SUPER09		****		super09
SUPERMAN2		****		superman2
SYNCIER1		****		syncier1
Shadae07		****		sHADAE07
T0mbill		****		t0MBILL
TARYNAJ		****		tarynaj
TEAMOhubert		****		teamoHUBERT
TOLENTINO		****		tolentino
Torres		****		tORRES
VICTOEINO1		****		victoeino1
VIVISS		****		viviss
WALLACE9		****		wallace9
WATLESS		****		watless
WICKEDDREAM2482!		****		wickeddream2482!
WIMPERTJES		****		wimpertjes
Waynerooney08		****		Waumerppmeu08
Williams		****		wILLIAMS
_MARTIRES10		****		_martires10
aaron1		****		AARON1
aaron2008		****		AARON2008
abcdefg8		****		ABCDEFF8
abraham		****		ABRAHAM
acjsblind		****		ACJSBLIND
acmeme00		****		ACMEME00
acura8865		****		ACURA8865
addbot		****		ADDBOT
adgcb1		****		ADGCB1
adidas		****		ADIDAS
adisha1989		****		ADISHA1989
aguirereabad		****		AGUIREREABAD
aigroeg		****		AIGROEG
ailin08		****		AILIN08
aimdelvic3		****		AIMDELVIC3
ainbeida04		****		AINBEIDA04
ainokea		****		AINOKEA
airforce13		****		AIRFORCE13
alamazo04		****		ALAMAZO04
albert03		****		ALBERT03
aleja6		****		ALEJA6
alejandrito		****		ALEJANDRITO
alex1103		****		ALEX11-3
alexander		****		ALEXANDER
alexander		****		ALEXANDER
alexis		****		ALEXIA
alexis		****		ALEXIS
alfie04		****		ALFIE04
alfiler		****		ALFILER
alkqnisabela		****		ALKQNISABELA
allalone		****		ALLALONE
alldick		****		ALLDICK
allison2		****		ALLISON2
allstars		****		ALLSTARS
alnjas		****		ALNJAS
alondra		****		ALONDRA
alvin		****		ALVIN
amanda1		****		AMANDA1
amanda2		****		AMANDA2
amberle89		****		AMBERLE89
ambulija		****		AMBULIJA
america1		****		AJERICA1
amisister		****		AMISISTER
amorde99		****		AMORDE99
amoresperros		****		AMORESPERROS
amormio		****		AMORMIO
amormio		****		AMORMIO
amphizomen		****		AMPHIZOMEN
anacsunamun		****		ANACSUNAMUM
anaypanda		****		ANAYPANDA
andrei		****		ANDREI
andrewtwyla		****		ANDREWTWYLA
angelanika		****		ANGELANIKA
angelgurl		****		ANGELGURL
angels8421		****		ANGELS8421
angl4life		****		ANGL4LIFE
angle1		****		ANGLE1
animal		****		ANIMAL
anita227		****		ANITA227
ansestros		****		ANSESTROS
antayjah		****		ANTAYJAH
antbully		****		ANTBULLY
anthony		****		ANTHONY
antony		****		ANTONY
aorpannipa		****		AORPANNIPA
apples14		****		APPLES14
appril		****		APPRIL
archbold		****		ARCHBOLD
arebella08		****		AREBELLA08
arenas		****		ARENAS
ariel<3		****		ARIEL<3
arion87		****		ARION87
armstrong1		****		ARMSTRONG1
arriaga14		****		ARRIAGA14
artdisplay		****		ARTDISPLAY
as4gotasdeurina		****		AS4GOTASDEURINA
asakura		****		ASAKURA
asawako		****		ASAWAKO
ashley		****		ASHELY
ashley77		****		ASHLEY77
ashleysg		****		ASHLEYSG
ashlynn19		****		ASHLYNN19
atlanta		****		ATLANTA
atlantida		****		ATLANTIDA
atuarre		****		ATUARRE
august9		****		AUGUST9
aunbaa		****		AUNBAA
avisha		****		AVISHA
azreyna		****		AZREYNA
aztunaid		****		AZTUNAID
azucena89		****		AZUCENA89
azules12		****		AZULES12
babolat/77		****		BABOLAT/77
baby070386girl		****		BABY070386GIRL
babyboo		****		BABYBOO
babyboys		****		BABYBOYS
babycandy1		****		BABYCANDY1
babyd0213		****		BABYD0213
babydoll92		****		BABYDOLL92
babygirl		****		BABYGIRL
babygirl92		****		BABYGIRL92
babykinan		****		BABYKINAN
babykoh		****		BABYKOH
babynote		****		BABYNOTE
babyshambles		****		BABYSHAMBLES
babzyat		****		BABZYAT
badbitch1		****		BABBITCH1
badboy		****		BADBOY
badboy		****		BADBOY
badboys		****		BADBOYS
baezevil		****		BAEZEVIL
baifern		****		BAIFERN
balcon		****		BALCON
bamagirl1		****		BAMAGIRL1
banana32		****		BANANA32
bandfreak08		****		BANDFREAK08
bannah		****		BANNAH
barbie		****		BARBIE
barcelona		****		BARCELONA
barnes		****		BARNES
baseball		****		BASEBALL
baseball05		****		BASEBALL05
basketball		****		BASKETBALL
bastard		****		BASTARD
batata		****		BATATA
bautista		****		BAUTISTA
baybeeroz		****		BAYBEEROZ
bbader		****		BBADER
bball15		****		BBALL15
beachy04		****		BEACHY04
beagleh		****		BEAGLEH
beanette		****		BEANETTE
beast1		****		BEAST1
beatriz		****		BEATRIZ
beautiful		****		BEAUTIFUL
beauty		****		BEAUTY
beauty		****		BEAUTY
beautyful		****		BEAUTYFUL
becky12		****		BECKY12
becozofu		****		BECOZOFU
beer4me		****		BEER4ME
bellbell		****		BELLBELL
bellota		****		BELLOTA
bengkulu		****		BENGKULU
benjo1		****		BENJO1
bestmates		****		BESTMATES
bethnliz		****		BETHNLIZ
bhabhiecoh		****		BHABHIECOH
bhecoi		****		BHECOI
bicha06		****		BICHA06
bigjack		****		BIGJACK
bigman		****		BIGMAN
bignose		****		BIGNOSE
billiebob		****		BILLIEBOB
bitch1		****		BITCH1
blackburn24		****		BLACKBURN24
blacksheep		****		BLACKSHEEP
bladez		****		BLADEZ
bleach		****		BLEACH
bliss93ard		****		BLISS93ARD
blitz!&		****		BLITZ!&
blocked3		****		BLOCKED3
bloods		****		BLOODS
bloody1		****		BLOODY1
bloody18		****		BLOODY18
bloodypop		****		BLOODYPOP
blossom1		****		BLOSSON1
bluesky		****		BLUESKY
bobby1		****		BOBBY1
bocadaniel		****		BOCADANIEL
bombonik		****		BOMBONIK
bonang		****		BONANG
bonbon		****		BONBON
bonny1		****		BONNY1
boogie1023		****		BOOGIE1023
boomaat		****		BOOMAAT
boomer1		****		BOOMER1
boosie		****		BOOSIE
boring1996		****		BORING1996
brainyhigh		****		BRAINYHIGH
brandon		****		BRANDON
brattgurl		****		BRATTGURL
braylen05		****		BRAYLEN05
breakfast8		****		BREAKFAST8
breann123		****		BREANN123
breezy89		****		BREEZY89
brianyvite		****		BRIANYVITE
bridgette		****		BRIDGETTE
broken		****		BROKEN
broknhrt1		****		BROKNHRT1
bronzehorse17		****		BRONZEHORSE17
browneyed8		****		BROWNEYED8
brutus		****		BRUTUS
bubbagrladlester		****		BUBBAGRLADLESTER
buddie		****		BUDDIE
bueno4343		****		BUENO4343
buildbody		****		BUILDBODY
bullshit1		****		BULLSHIT1
bunny2		****		BUNNY2
burmese		****		BURMESE
buster		****		BUSTER
butterfly		****		BUTTERFLY
bwnrzm92		****		BWNRZM92
caleballen		****		CALEBALLEN
camilla		****		CAMILLA
camilnalda		****		CAMILNALDA
camiseta		****		CAMISETA
campbell1		****		CAMPBELL1
cancer		****		CANCER
candy18		****		CANDY18
capone24		****		CAPONE24
caponemob		****		CAPONEMOB
caramelito		****		CARAMELITO
caramelito		****		CARAMELITO
caramem		****		CARAMEM
care(mi)nAlGa		****		CARE(MI)NaLgA
caribou13		****		caRIBOU13
carla**		****		CARLA**
carla17		****		CARLA17
carliej		****		CARLIEJ
carlito		****		CARLITO
carlos21		****		CARLOS21
carrera		****		CARRERA
carroll		****		CARROLL
carroll		****		CARROLL
casey1		****		CASEY1
casper83		****		CASPER83
cassandraes		****		CASSANDRAES
cassie		****		CASSIE
cassie		****		CASSIE
castillo		****		CASTILLO
catcher14		****		CATCHER14
caution18		****		CAUTION18
cazman		****		CAZMAN
ceairra		****		CEAIRRA
cedrick		****		CEDRICK
celtic		****		CELTIC
cermex		****		CERMEX
champion24		****		CHAMPION24
chantell		****		CHANTELL
chaparrito		****		CHAPARRITO
charlie10		****		CHARLIE10
chary09		****		CHARY09
chauncey		****		CHAUNCEY
chelsea		****		CHELSEA
cherished		****		CHERISHED
cherry1		****		CHERRY1
chfvchfv		****		CHFVCHFV
chick		****		CHICK
chick13		****		CHICK13
chicken.		****		CHICKEN.
chico		****		CHICO
chilimbalam		****		CHILIMBALAM
chimera		****		CHIMERA
chingatu		****		CHINGATU
chipper		****		CHIPPER
chocolate_roses		****		CHOCOLATE_ROSES
chopper1999		****		CHOPPER1999
chris		****		CHRIS
chrischi		****		CHRISCHI
christia0		****		CHRISTIA0
christopher		****		CHRISTOPHER
chronic2001		****		CHRONIC2001
chubby		****		CHUBBY
chuchi9053		****		CHUCHI9053
chucklesjf		****		CHUCKLESJF
chucle		****		CHUCLE
churro		****		CHURRO
chuyito		****		CHUYITO
cicloc		****		CICLOC
cigana		****		CIGANA
cinema		****		CINEMA
clarers5		****		CLARERS5
cnhw323d		****		CNHW232D
collins		****		COLLINS
columbia		****		COLUMBIA
computer		****		COMPUTER
conello		****		cpme;;p
connie		****		CONNIE
consul		****		CONSUL
cookies		****		COOKIES
coolcat		****		COOLCAT
coolcool		****		COOLCOOL
coolgirl		****		COOLGIRL
coolgirl10.		****		COOLGIRL10.
coolio		****		COOLIO
coolo55		****		COOLO55
coolu		****		COOLU
corazones		****		CORAZONES
cositateamo		****		COSITATEAMO
cowboys2001		****		COWBOYS2001
cowgirl1		****		COWGIRL1
coyote		****		COYOTE
crab680dunk011		****		CRAB680DUNK011
crack2wn		****		CRACK2WN
cradleoffilthh		****		CADLEOFFILTTHH
cristiano		****		CRISTIANO
cucaracha		****		CUCARACHA
culkinmylove		****		CULKINMYLOVE
curtzz		****		CURTZZ
cutebun101		****		CUTEBUN101
cutie1		****		CUTIE1
cyclonegirl5		****		CYCLONEGIRL5
cynthia		****		CYNTHIA
d2dab21f		****		D2DAB21F
daddy3191		****		DADDY3191
daisymay		****		DAISYMAY
damaso		****		DAMASO
dance		****		DANCE
dancer		****		DANCER
daniel		****		DANIEL
danielle4ever		****		DANIELLE4EVER
danitza		****		DANITZA
danone		****		DANONE
danwilkins		****		DANWILKINS
danyelle		****		DANYELLE
daquan7		****		DAQUAN7
darconionedevil		****		DARCONIONEDEVIL
dasada		****		DASADA
dasar		****		DASAR
davids		****		DAVIDS
dawsonflea		****		DAWSONFLEA
deaful		****		DEAFUL
deborah		****		DEBORAH
december		****		DECEMBER
deedee		****		DEEDEE
delilah69		****		DELILAH69
diamond		****		DIAMOND
dianita		****		DIANITA
diehard		****		DIEHARD
dietslice		****		DIETSLICE
dikdik		****		DIKDIK
dinamita		****		DINAMITA
diputa		****		DIPUTA
dirtypop		****		DIRTYPOP
divastar		****		DIVASTAR
divine1		****		DIVINE1
dixie1		****		DIXIE1
djktito		****		DJKTITO
djmicho		****		DJMICHO
dodong		****		DODONG
dogdog		****		DOGDOG
dogdog		****		DOGDOG
doitbig		****		DOITBIG
dolphin		****		DOLPHIN
domecq		****		DOMECQ
domingo		****		DOMINGO
donald		****		DONALD
dontknow		****		DONTKNOW
doritha		****		DORITHA
dosemate23		****		DOSEMATE23
dougie		****		DOUGIE
dowtel1		****		DOWTEL1
dragon		****		DRAGON
dragon01		****		DRAGON01
dragon76		****		DRAGON76
drake1		****		DRAKE1
dredog		****		DREDOG
drkstr		****		DRKSTR
duante		****		DUANTE
dudethatrocks		****		DUDETHATROCKS
dumstrang		****		DUMSTRANG
dwarfmonkeys		****		DWARFMONKEYS
e\\\\\\'hills		****		e||||||'hills
eastern1		****		EASTERN1
eastside		****		EASTSIDE
ecargteilujyram		****		ECARGTEILUJYRAM
edicson		****		EDICSON
edith		****		DEITH
edith250		****		EDITH250
eduardoh		****		EDUARDOH
eedalayout		****		EEDALAYOUT
efrain		****		EFRAIN
egbdfmc2		****		EGBDFMC2
egypts		****		EGYPTS
eiregram		****		EIREGRAM
elefantul		****		ELEFANTUL
elenita		****		ELENITA
eliezack		****		ELIEZACK
elijah4		****		ELIJAH4
eliyah333573		****		ELIYAH333573
elnovato		****		ELNOVATO
elroya1		****		ELROYA1
eltyson		****		ELTYSON
elysees		****		ELYSEES
emma3kyle		****		EMMA3KYLE
encantada		****		ENCANTADA
energy89		****		ENERGY89
enggi		****		ENGGI
england		****		ENGLAND
epigmenio		****		EPIGMENIO
episode		****		EPISODE
ericka		****		ERICKA
erickysamantha		****		ERICKYSAMANTHA
ericlau		****		ERICLAU
ericsor		****		ERICSOR
eryssniko		****		ertssbuji
espinoza		****		ESPINOZA
esponjoso		****		ESPONJOSO
estefania		****		ESTEFANIA
eternity		****		ETERNITY
euana		****		EUANA
eyrsaxs		****		EYRSAXS
fabijo		****		FIBIJO
fafulento		****		FAFULENTO
fagotpoofta		****		FAGOTPOOFTA
falli35e		****		FALLI35E
fallon1		****		FALLON1
farrukh1230.		****		farrukah1230
fashion19		****		fASHION19
fatboy		****		FATBOY
fatinha		****		FATINHA
faudinha		****		FAUDINHA
fffff		****		FFFFF
ficken		****		FICKEN
fifola2008		****		FIFOLA2008
fighting		****		FIGHTING
filimm		****		FILIMM
filipinos		****		FILIPINOS
filipo		****		FILIPO
finger		****		FINGER
finlay		****		FINLAY
fireball		****		FIREBALL
fired2010		****		FIRED2010
first1		****		FIRST1
flamearrow		****		FLAMEARROW
flamenco		****		FLAMENCO
flames		****		FLAMES
florida		****		FLORIDA
flower1		****		FLOWER1
fluffy		****		FLUFFY
fockerz		****		FOCKERZ
fonchis		****		FONCHIS
frances		****		FRANCES
francesdale		****		FRANCESDALE
frankie		****		FRANKIE
freak		****		FREAK
fresh5		****		FRESH5
frezha		****		FREZHA
friends08		****		FRIENDS08
friends526		****		FRIENDS526
frost3902		****		FROST3902
fucckyoula		****		FUCCKYOULA
fuckface		****		FUCKFACE
fuckmehard		****		FUCKMEHARD
fuckyou		****		FUCKYOU
function		****		FUNCTION
funhouse		****		FUNHOUSE
funny		****		FUNNY
fuseenvy		****		FUSEENVY
galaxy		****		GALAXY
gamess		****		GAMESS
gammy87		****		GAMMY87
gatorsfan1		****		GATORSFAN1
gayprinces		****		GAYPRINCES
geeyunus		****		GEEYUNUS
gekkie		****		GEKKIE
gellie		****		GELLIE
gemmaz		****		GEMMAZ
genius		****		GENIUS
george		****		GEORGE
george		****		GEORGE
georgiana		****		GEORGIANA
gerardo167		****		GERARDO167
gg4eva		****		GG4EVA
ghostyaya		****		GHOSTYAYA
giant1		****		GIANT1
gilerr		****		GILERR
ginger		****		GINGER
girasol8s		****		GIRASOL8S
girlsinlove		****		GIRLSINLOVE
girrules		****		GIRRULES
gizmod		****		GIZMOD
gkofanckodam		****		GKOFANCKODAM
gmailgoogle		****		GMAILGOOGLE
gobbly		****		GOBBLY
godbless07		****		GODBLESS07
godis7		****		GODIS7
goldkey737		****		GOLDKEY737
gonzales		****		GONZALES
good4you		****		GOOD4YOU
gotmilk		****		GOTMILK
gracie06		****		GRACIE06
gracie22		****		GRACIE22
greedygurl		****		GREEDYGURL
greenapple		****		GREENAPPLE
greggy07		****		GREGGY07
greyst0nes		****		GREYST0NES
groover		****		GROOVER
groovychick		****		GROOVYCHICK
gt2663nassau		****		GT2663NASSAU
gucci1		****		GUCCI1
gunggung		****		GUNGGUNG
guyinchains		****		GUYINCHAINS
hanhan		****		HANHAN
hanhtinh		****		HANHTINH
happy44		****		HAPPY44
happyday		****		HAPPYDAY
harrypotter		****		HARRYPOTTER
hartski		****		HARTSKI
harveymaxjakerolo		****		HARVEYMAXJAKEROLO
haughton04		****		hourghto04
hayzel44		****		HAYZEL44
hearsay1		****		HEARSAY1
heath1		****		HEATH1
heaven		****		HEAVEN
hector		****		HECTOR
helder		****		HELDER
hello123		****		HELLO123
hellothere1992		****		HELLOTHERE1992
hermanotequiero		****		HERMANOTEQUIERO
herwin		****		HERWIN
hextall123		****		HEXTALL123
heyyouoverthere		****		HEYYOUOVERTHERE
hfc3kfc1		****		HFC3KFC1
hhhhhh		****		555555
highlter1		****		HIGHLTER1
hiphop13		****		HIPHOP13
hiroshi17		****		HIROSHI17
hmhmhm123		****		HMHMHM123
holas1		****		HOLAS1
honey		****		HONEY
honey9790		****		HONEY9790
honeybee		****		HONEYBEE
honilove		****		HONILOVE
honny		****		HONNY
horse1		****		HORSE1
horses		****		HORSES
horses19		****		HORSES19
hotboi57		****		HOTBOI57
hotck159		****		HOTCK159
hottass		****		HOTTASS
houvanjou		****		HOUVANJOU
hulbert		****		HULBERT
hummer1960		****		HUMMER1960
hunter		****		HUNTER
hunter13		****		HUNTER13
iamluvc80s		****		IAMLUVC80S
iamrbd		****		IAMRBD
ianne		****		IANNE
icantforgetthis		****		ICANTFORGETTHIS
iggorr22		****		IGGORR22
ihatewogs1		****		IHATEWOGS1
il0vedrama		****		ILoVEDRAMA
ilotyt325		****		ILOTYT325
ilovealan!		****		ILOVEALAN!
ilovebj		****		ILOVEBJ
ilovebrian		****		ILOVEBRIAN
ilovedevon		****		ILOVEDEVON
iloveerik		****		ILOVEERIK
ilovegabe		****		ILOVEGABE
ilovejesus		****		ILOVEJESUS
ilovejoi		****		ILOVEJOI
ilovelogan		****		ILOVELOGAN
ilovematt		****		ILOVEMATT
iloveme3		****		ILOVEME3
iloveneil		****		ILOVENEIL
iloveparia		****		ILOVEPARIA
iloverb4life		****		ILOVERB4LIFE
ilovetom		****		ILOVETOM
iloveu21		****		ILOVEU21
ilovewhenukissme		****		ILOVEWHENUKISSME
iloveyou		****		ILOVEYOU
iloveyou		****		ILOVEYOU
iloveyou		****		ILONEYOU
iloveyou		****		ILOVEYOU
iloveyoubabyko		****		ILOVEYOUBABYKO
iluva.m4lyf		****		ILUVA.M4LYF
iluvcoal95		****		ILUVCOAL95
iluvlucy		****		ILUVLUVY
iluvsil13		****		ILUVSIL13
imaballboy		****		IMABALLBOY
ims132BB		****		IMS132bb
inday185		****		INDAY185
independent5		****		INDEPENDENT5
indirita		****		INDIRITA
infernous92		****		omfermpis92
inmgrid		****		INMGRID
intan		****		INTAN
inuyasha22		****		INUYASHA22
ironmaiden		****		IRONMAIDEN
isabel3		****		ISABEL3
isobella		****		ISOBELLA
itachi		****		ITACHI
itsmeyo		****		ITSMEYO
iuindy45		****		IUINDY45
j3ffr3y		****		J3FFR3Y
jackie23		****		JACKIE23
jackspack		****		JACKSPACK
jaclyn16		****		JACKYN16
jadaelise		****		JADAELISE
jadenray		****		JADENRAY
jaguares22		****		JAGUARES22
james1		****		JAMES`
jameva		****		JAMEVA
jamie1824		****		JAMIE1824
jamster1		****		JAMSTER1
janaury09		****		JANAURY09
januvia1		****		JANUVIA1
janya06		****		JANYA06
javier		****		JAVIER
jaycox11		****		JAYCOX11
jayden1		****		JAYDEN1
jayjay		****		JAYJAY
jayjay		****		JAYJAY
jayjay123		****		JAYJAY123
jaylen		****		JAYLEN
jazmine13		****		JAZMINE13
jefjef		****		JEFJEF
jenirn		****		JENIRN
jennifer		****		JENNIFER
jennifer		****		JENNIFER
jenny		****		JENNY
jeremy23		****		JEREMY23
jerrine		****		JERRINE
jessica		****		JESSICA
jessika		****		JESSIKA
jesus5		****		JESUS5
jesus7		****		JESUS7
jesuslavsme		****		JESUSLAVSME
jiannrey		****		JIANNREY
jimmy		****		JIMMY
jjray3		****		JJRAY3
jocelyn		****		JOCELYN
joekid0829		****		JOEKID0829
joeld		****		JOELD
johnny12		****		JOHNNY12
jolie24		****		JOLIE24
jordan		****		JORDAN
jordan23		****		JORDAN23
jordan23		****		JORDAN23
jordyn01		****		JORDYN01
jorolphan24		****		jprp;[jam24
joselito		****		JOSELITO
josip-mia		****		JOSIP-MIA
josmel66		****		JOSMEL66
josmopi124		****		JOSMOPI124
joyce		****		JOYCE
juangco		****		JUANGCO
juannita		****		JUANNITA
julie3540		****		JULIE3540
jumping		****		JUMPING
junior		****		JUNIOR
junior		****		JUNIOR
justin		****		JUSTIN
k3linci		****		K3LINCI
k@tierules		****		K@TIERULES
kadeem		****		KADEEM
kaiviti		****		KAIVITI
kakakjelek		****		KAKAKJELEK
kamar66		****		KAMAR66
kamote		****		KAMOTE
kanindya		****		KANINDYA
katarina13		****		KATARINA13
katie6		****		KATIE6
kaybug2006		****		KAYBUG2006
kaycee		****		KAYCEE
kaynz		****		KAYNZ
kb9nfu		****		KB9NFU
ke3doiph		****		KE3DOIPH
kecsekecse		****		KECSEKECSE
keepers		****		KEEPERS
keisha		****		KEISHA
kelleepooh		****		KELLEEPOOH
kelman		****		KELMAN
kelsie		****		KELSIE
kendra		****		KENDRA
keremresul1905		****		KEREMRESUL1905
kerryb		****		KERRYB
kerrypita		****		KERRYPITA
kertadalem		****		KERTADALEM
keving		****		KEVING
keylon59		****		KEYLON59
kiara1		****		KIARA1
kilogram		****		KILOGRAM
kim bum		****		lo, nim
kimmiecub1		****		KIMMIECUB1
kingpin		****		KINGPIN
kitten_6969		****		KITTEN_6969
kitty0		****		KITTY0
kitty1		****		KITTY1
kittygirl		****		KITTYGIRL
kk4eva		****		KK4EVA
knssahe		****		KNSSAHE
kominmanhein		****		KOMINMANHEIN
konstantine		****		KONSTANTINE
koochinika2		****		KOOCHINIKA2
kosong		****		kOSONG
kratai		****		KRATAI
kricket1		****		KRICKET1
kristin		****		KRISTIN
kristin		****		KRISTIN
krygolsa		****		KRYGOLSA
ktm125sx		****		KTM125SX
kuadia		****		KUADIA
laamistad		****		LAAMISTAD
labellahely		****		LABELLAHELY
ladoiscool@hotma		****		LADOISCOOL@HOTMA
lagwagon		****		LAGWAGON
lahke1		****		LAHEK1
lamaslinda		****		LAMASLINDA
lambda		****		LAMBDA
lancers		****		LANCERS
landon		****		LANDON
laterll1		****		LATERII1
lauren		****		LAUREN
laurence		****		LAURENCE
laurenm		****		LAURENM
leandro3152		****		LEANDRO3152
leaper99		****		LEAPER99
lenlen		****		LENLEN
leoTEAMO		****		LEOteam0
leonard		****		LEONARD
leshay14		****		LESHAY14
leslye		****		LASLYE
liamm		****		LIAMM
lilababy		****		LILABABY
lilantha77		****		LILANTHA77
liligostosinha		****		LILIGOSTOSINHA
lilmami1		****		LILMAMI1
lilme		****		LILME
lilmiss1		****		LILMISS1
lilmomma13		****		LILMOMMA13
liltay#33		****		LILTAY#33
liltremaine1		****		kuktrenaube1
linda7		****		LINDA7
listen2me		****		LISTEN2ME
littlebit5		****		LITTLEBIT5
liverpool		****		LIVERPOOL
lk;b9iu		****		LK;B9IU
lollipop		****		LOLLIPOP
london1		****		LONDON1
lonely1		****		LONELY1
loner		****		LONER
longest1999		****		LONGEST1999
longfork		****		LONGFORK
lookhook		****		LOOKHOOK
looser1		****		LOOSER1
lopez1234		****		LOPEZ1234
lorenzo7		****		LORENZO7
loridale		****		LORIDALE
lorrinb123		****		LORRINB123
loser		****		LASER
lovecoh		****		LOVECOH
loveme		****		LOVEME
loversgreen		****		LOVERSGREEN
loves9		****		LOVES9
lovespike1		****		LOVESPIKE1
lovestory		****		LOVESTORY
lucar		****		LUCAR
lucky1		****		LUCKY1
lucky12		****		LUCKY12
luigi09		****		LUIGI09
luisag		****		LUISAG
luizata		****		LUZIATA
lupascu		****		LUPASCU
luvcoco		****		LUVCOCO
luvme69		****		LUVME69
lyndon		****		LYNDON
macmac		****		MACMAC
macoian		****		MACOIAN
maddison		****		MADDISON
madeira		****		MADEIRA
madelin		****		MADELIN
magickey		****		MAGICKEY
mahalkoh		****		MAHALKOH
makane		****		MAKANE
makaveli		****		MAKAVELI
malfoy1		****		MALFOY1
manatees		****		MANATEES
manchester		****		MANCHESTER
manelista		****		MANELISTA
marcdebel		****		MARCDEBEL
marcy		****		MARCY
margaret1		****		MARGARET1
margera		****		MARGERA
maricel		****		MARICEL
mariposa		****		MARIPOSA
marked13		****		MARKED13
marlana17		****		MARLANA17
marlowe		****		MARLOEW
marocane		****		MAROCANE
marshall12		****		MARSHALL12
marukiara		****		MARUKIARA
maryjane		****		MARYJANE
masscomm		****		MASSCOMM
massimo		****		MASSIMO
matadero		****		MATADERO
mattie		****		MATTIE
mauichel9		****		MAUICHEL9
mauro1983		****		MAURO1983
maxiejen		****		MAXIEJEN
maximus		****		MAXIMUX
may34tic		****		MAY34TIC
maybe		****		MAYBE
mcpherson8		****		MCPHERSON8
me&you		****		ME&YOU
medina12345		****		MEDINA12345
melanie13		****		MELANIE13
melina		****		MELINA
melisa		****		MELISA
melissa		****		MELISSA
melissa1		****		MELISSA1
menmybaby!		****		MENMYBABY!
merlot		****		MERLOT
mesosexc		****		MESOSEXC
metal		****		METAL
metallica6		****		METALLICA6
metallica9		****		METALLICA9
mewtoo12		****		MEWTOO12
mhinecoh13		****		MHINECOH13
mhineqhu		****		MHINEQHU
mhlkocdave		****		MHLKOCDAVE
miamigayuriko		****		MIAMIGAYURIKO
michael		****		MICHAEL
michael		****		MICHAEL
michcie		****		MICHCIE
mickey		****		MCIKEY
mickey		****		MICKEY
miguebronko55*		****		MIGUEBRONKO55*
miguel		****		MIGUEL
mikkel84		****		MIKKEL84
milancampione		****		MILANCAMPIONE
milariza		****		MILARIZA
milesdavis		****		MILESDAVIS
milica		****		MILICA
milkybar		****		MILKYBAR
mimorocha		****		MIMOROCHA
mimoso		****		MIMOSO
mindymissy		****		MONDYMISSY
mineq		****		MINEQ
miniere		****		MINIERE
minnibabe		****		MINNIBABE
mischief2922		****		MISCHIEF2922
misprimasrudiyes		****		MISPRIMASRUDIYES
missa123		****		MISSA123
missmolly		****		MISSMOLLY
missymoo00		****		MISSYMOO00
mmizer		****		MMIZER
mnopqr		****		MNOPQR
mojica22		****		MOJICA22
mollie33		****		MOLLIE33
mollie9		****		MOLLIE9
mollygirl		****		MOLLYGIRL
momojung		****		MOMOJUNG
moniotor		****		MONIOTOR
monslow		****		MONSLOW
montana5626		****		MONTANA5626
moocow		****		MOOCOW
mookie		****		MOOKIE
moonlight		****		MOONLIGHT
morais8		****		MORASI8
morita		****		MORITA
mousashoar		****		MOUSASHOAR
moyna01		****		MOYNA01
mr.frisco		****		MR.FRISCO
msdiva		****		MSDIVA
mswhit		****		MSWHIT
muffy629		****		MUFFY629
mulder1		****		MULDER1
muning		****		MUNING
munyaewivan		****		MUNYAEWIVAN
my.god5		****		MY.GOD5
myatmyat		****		MYATMYAT
mybestfrndiskomal		****		,unestfrmdoslp,a;
myfish		****		MYFISH
mylove		****		MYLOVE
mylove		****		MYLOVE
myndz		****		MYNDZ
myspace		****		MYSPACE
myspacenerd		****		MYSPACENERD
mysterio		****		MYSTERIO
mystyle1		****		MYSTYLE1
nanna		****		NANNA
nannyjan		****		NANNYJAN
nathaniacrew		****		NATHANIACREW
natperfect		****		NATPERFECT
natsnew		****		NATSNEW
nay-nay		****		NAY-NAY
neekakiw		****		NEEKAKIW
nelson		****		NELSON
neneenchu0		****		NENEENCHU0
nenis		****		NENIS
nenita		****		NENITA
nenix		****		NENIX
nenna		****		NENNA
nequa15		****		NEQUA15
newell!		****		NEWELL!
nhelvie		****		NHEKVIE
nibbles3		****		NIBBLES3
nichelle		****		NICHELLE
nichole		****		NICHOLE
nicola		****		NICOLA
nicolas		****		NICOLAS
nigganate3		****		NIGGANATE3
nikeair		****		NIKEAIR
nilor		****		NILOR
ninajey		****		NINAJEY
ninja1		****		NINJA1
nivrox1		****		NIVROX1
nnm4life		****		NNM4LIFE
nomzie3		****		NOMZIE3
nonono		****		NONONO
noseke		****		NOSEKE
nothing		****		NOTHING
november29		****		NOVEMBER29
numbr5		****		NUMBR5
ogffhr10		****		OGFFHR10
ohbaby1		****		OHBABY1
okedeneminstrel		****		OKEDENEMINSTREL
oliver		****		OLIVER
olivia		****		OLIVIA
olvidare		****		OLVIDARE
omgwtf89		****		OMGWTF89
onedon5		****		ONEDON5
oomrat		****		OOMRAT
oranges		****		ORANGES
orapronobis		****		ORAPRONOBIS
originalbabygurl		****		ORIGINALBABYGURL
orlando1		****		ORLANDO1
orlandoynick		****		ORLANDOYNICK
osvaldo1		****		OSVALDO1
p.vang		****		O,VABG
p4ssw0rd		****		P4SSW0RD
pablito242812		****		oavkuti242812
pacific		****		PACIFIC
pacman		****		PACMAN
pakoluis		****		PAKOLUIS
palace24		****		PALACE24
panarai?bvl?		****		PANARAI?BVL?
pangit		****		PANGIT
pangitko		****		PANGITKO
pangza		****		PANGZA
panovska2		****		PANOVSKA2
paresh16		****		PARESH16
part99le		****		PART99LE
password		****		PASSWORD
password		****		PASSWORD
password		****		PASSWORD
password		****		PASSWORD
password		****		PASSWORD
password		****		PASSWORD
password3		****		PASSWORD3
passworld		****		PASSWORLD
patoteamo		****		[ATPTEA,P
patrickjr		****		PATRICKJR
patrickstef		****		PATRICKSTEF
pazzakati		****		PAZZAKATI
peachysho1		****		1peachysho
pecas		****		PECAS
pechuga		****		PECHUGA
peluche		****		PELUCHE
pemalang		****		PEMALANG
penelope		****		PENELOPE
perale		****		PERALE
pereira		****		PEREIRA
perrfect		****		PERRFECT
petacolo46		****		PETACOLO46
phaedra		****		PHAEDRA
pharmdjd405		****		PHARMDJD405
phimu02		****		PHIMU02
photo		****		PHOTO
picture		****		PICTURE
pierce		****		PIERCE
piero814		****		PIERO814
piggyandme		****		PIGGYANDME
pimpet		****		PIMPET
pinkangel		****		PINKANGEL
pinkfrog7		****		PINKFROG7
pinkpurple		****		PINKPURPLE
pioneers		****		PIONEERS
pirates2		****		PIRATES2
pissoff		****		PISSOFF
pituco		****		PITUCO
pizza3		****		PIZZA3
plasticine		****		PLASTICINE
player		****		PLAYER
player		****		PLAYER
playgrl		****		PLAYGRL
playoff		****		PLAYOFF
plumroad345		****		PLUMRODD345
plumroof632		****		PLUMROOF632
plymouth		****		PLYMOUTH
pochiedus		****		POCHIEDUS
pokiko52		****		POKIKO52
pollo		****		POLLO
ponting		****		PONTING
poohgirl		****		POOHGIRL
pookie10		****		POOKIE10
poozas		****		POOZAS
poppylea8		****		POPPYLEA8
poprocks42		****		POPROCKS42
poptart		****		POPTART
portugal18		****		ortugal118
portugal78500		****		PORTUGAL78500
pppppppp		****		99999999
prathamanshu		****		PRATHAMANSHU
pretty		****		PRETTY
prettyboy1		****		PRETTYBOY1
prietene		****		PRIETENE
prin-prin1		****		PRIN-PRIN1
princeoftennis		****		PRINCEOFTENNIS
princesa		****		PRINCESA
princess		****		PRINCESS
princess		****		PRINCESS
princess89		****		PRINCESS89
prinzessin84		****		PRINZESSIN84
pruitt82		****		PRUITT82
pshaena@yahoo.com		****		PSHAENA@YAHOO.COM
psiquedaraca1805		****		PSIQUEDARACA1805
pssword4		****		PSSWORD4
pumpkin		****		PUMPKIN
purvani		****		PURVANI
putamare		****		PUTAMARE
qazzxc		****		QAZZXC
quanc166		****		QUANC166
queenie		****		QUEENIE
quitfucking		****		QUITFUCKING
qwerty		****		QWERTY
r6huszyu		****		R6HUSZYR
rabbit		****		RABBIT
rafael		****		RAFAEL
rafaela		****		RAFAELA
rainbow		****		RAINBOW
rainne		****		RAINNE
rangerover		****		RANGEROVER
ranitaverde107		****		RANITAVERDE107
rapeepat055318169		****		RAPEEPAT055318169
rapidona		****		RAPIDONA
raquelv		****		RAQUELV
rathan1997		****		RATHAN1997
raularturo		****		RAULARTURO
rayleenwal;ker		****		RAYLEENWAL;KER
reaper		****		REAPER
rebaso		****		REBASO
redbut		****		REDBUT
redeys9		****		REDEYS9
redlabel		****		REDLABEL
reeree		****		REEREE
regiegongob		****		REGIEGONGOB
regina1		****		REGINA1
rekhailoveu		****		REKHAILOVEU
renatita		****		RENATITA
renato		****		RENATO
reneeljh11		****		RENEELJH11
reyna		****		REYNA
riangelo		****		RIANGELO
ricardo5		****		RICARDO5
richard		****		RICAHRD
rickman1		****		RICKMAN1
rifiki		****		RIFIKI
rileigh		****		RILEIGH
rimue		****		RIMUE
ringo		****		RINGO
rjjecatzin@hotmail.com		****		RJJECATZIN@HOTMAIL.COM
robert		****		ROBERT
robert$$		****		ROBERT$$
rochelle		****		ROCHELLE
rockinondown		****		ROCKINONDOWN
rocklife		****		ROCKLIFE
rogen6394		****		ROGEN6394
romania		****		ROMANIA
romina123		****		ROMINA123
rommel		****		ROMMEL
rosalynn		****		ROSALYNN
roxana		****		ROXANA
rrma0212		****		RRMA0210
rubberbear		****		RUBBERBEAR
rubia		****		RUBIA
rubiela		****		RUBIELA
ryansayo		****		RYANSAYO
sabeepoo		****		SABEEPOO
sabotage		****		SABOTAGE
sabrina05		****		SABRINA05
sadie1		****		SADIE1
sahamara		****		SAHAMARA
sahansila		****		SAHANSILA
sailboat44		****		SAILBOAT44
samantha		****		SAMANTHA
samara5065005		****		SAMARA5065005
sammie		****		SAMMIE
sammy1414		****		SAMMY1414
sampson		****		SAMPSON
sangwani		****		SANGWANI
sanjuan22		****		SANJUAN22
santiago		****		SANTIAGO
santiago		****		SANTIAGO
santos		****		SANTOS
sanusin153		****		SANUSIN153
saralins		****		SARALINS
savanah1		****		SAVANAH1
savannah		****		SAVANNAH
savannah07		****		SAVANNAH07
saved1		****		SAVED1
saveeungs		****		SAVEEUNGS
savft2		****		SAVFT2
sawsaw		****		SAWSAW
scooby		****		SCOOBY
scoot1995		****		SCOOT1995
scooter11		****		SCOOTER11
scorpio		****		SCORPIO
scout		****		SCOUT
scumbag		****		SCUMBAG
sdtdzb		****		SDTDZB
sentimiento		****		SENTIMIENTO
sestoll1		****		SESTOLL1
severussnape		****		SEVERUSSNAPE
sexiness12		****		SEXINESS12
sexopolo		****		SEXOPOLO
sexykeekee		****		SEXYKEEKEE
sexymami		****		SEXYMAMI
shadow		****		SHADOW
shakey6		****		SHAKEY6
shamar01		****		SHAMAR01
shandra		****		SHANDRA
sharan		****		SHARAN
shauna		****		SHAUNA
shaundaddy		****		SHAUNDADDY
shawn201		****		SHAWN201
shayla		****		SHAYLA
shearer		****		SHEARER
sheepcow		****		SHEEPCOW
shell25		****		SHELL25
shermick		****		SHERMICK
sherril		****		SHERRIL
sherry69		****		SHERRY69
shevanda		****		SHEVANDA
shfzr90210		****		SHFZR90210
shikamaru309		****		SHIKAMARU309
shiloh199408		****		SHILOH199408
shinoda		****		SHINODA
shipley		****		SHIPLEY
shortpants		****		SHORTPANTS
shujian		****		SHUJIAN
shushupe		****		SHUSHUPE
shutuphoe		****		SHUTUPHOE
sierra		****		SIERRA
silverbug		****		SILVERBUG
simon2		****		SINON2
sinead		****		SINEAD
sinead123		****		SINEAD123
singhisking		****		SINGHISKING
skippylick		****		SKIPPYLICK
slagheads		****		SLAGHEADS
sluga1		****		SLUGA1
slurm1987		****		SLURM1987
slymrk		****		SLYMRK
sm0key92		****		SMoKEY92
smarts		****		SMARTS
smelly		****		SMELLY
smile		****		SMILE
smilegirl		****		SMILEGIRL
smoke		****		SMOKE
smoker		****		SMOKER
smoveee		****		SMOVEEE
snekie1		****		SNEKIE1
snickers22		****		SNICKERS22
snowbunny		****		SNOWBUNNY
snowmans		****		SNOWMANS
socal08		****		SOCAL08
soccer14		****		SOCCER14
soccerpony		****		SOCCERPONY
sofiaa		****		SOFIAA
solika5		****		SOLIKA5
sonofgod		****		SONOFGOD
sophan1		****		SOPHAN1
sos00144bn		****		SOS00144BN
soybienvergas		****		SOYBIENVERGAS
spain405c		****		SPAIN405C
spalding		****		SPALDING
spard76		****		SPARD76
spiderman03		****		SPIDERMAN03
srilarach		****		SRILARACH
stacks33		****		STACKS33
stacy213		****		STACY213
stacymary		****		STACYMARY
stardom		****		STARDOM
starface1		****		STARFACE1
starflower77		****		STARFLOWER77
starlet		****		STARLET
statement		****		STATEMENT
stavion		****		STAVION
steve456		****		STEVE456
steven		****		STEVEN
steven2		****		STEVEN2
stewie15		****		STEWIE15
stunners		****		STUNNERS
suicideiswkd		****		SUICIDEISWKD
summer57		****		SUMMER57
sunarti		****		SUNARTI
sunflower		****		SUNFLOWER
sunnyboi1		****		SUNNYBOI1
sunnyuglysun0,		****		sunnyunglysun0
sunshine		****		SUNSHINE
sunshine		****		SUNSHINE
sunshine89		****		SUNSHINE89
super		****		SUPER
superficial		****		SUPERFICIAL
superman		****		SUPERMAN
superman		****		SUPERMAN
supersexy		****		SUPERSEXY
supremegod300		****		SUPREMEGOD300
susan1		****		SUSAN1
susaneduardo		****		SUSANEDUARDO
sutter		****		SUTTER
suusuu		****		SUUSUU
swansea1		****		SWANSEA1
sweet-p2007		****		SWEET-P2007
sweet94		****		SWEET94
sweetie		****		SWEETIE
sweety		****		SWEETY
sweetyouheart		****		SWEETYOUHEART
swimmer		****		SWIMMER
switzerland		****		SWITZERLAND
sxylatina		****		SXYLATINA
sydney1		****		SYDNEY1
t3a3r3a3a3n3n3		****		T3A3R3A3A3N3N3
tabitha		****		TABITHA
taccara		****		TACCARA
tahshina143		****		TAHSHINA143
tamia12		****		TAMIA12
tangerang		****		TANGERANG
tanner		****		TANNER
tatiana		****		TATIANA
tavroh110189snoopy		****		TAVROH110189SNOOPY
taylor		****		TAYLOR
taytay94		****		TAYTAY94
tbone14		****		TBONE14
tcftjbq		****		TCFTJBQ
teagster		****		TEAGSTER
teamo13		****		TEAMO13
teamodj		****		TEAMODJ
teamomucho		****		TEAMOMUCHO
teamopapi		****		TEAMOPAPI
telephone		****		TELEPHONE
temerloh		****		TEMERLOH
tenecesitomuxo		****		TENECESITOMUXO
tengounamor		****		temgpima,pr
tequiero		****		TEQUIERO
tequiero		****		TEQUIERO
terence		****		TERENCE
terrance		****		TERRANCE
terrydee		****		TERRYDEE
teshas		****		TESHAS
thebeps7		****		THEBEPS7
thegame88		****		THEGAME88
themil100		****		THEMIL100
thenewkid1994		****		THENEWKID1994
theoc		****		THEOC
thierry		****		THIERRY
think2		****		THINK2
thomas12		****		THOMAS12
throwdown2		****		THROWDOWN2
thuglife		****		THUGLIFE
thumper		****		THUMPER
tianlengyi		****		TIANLENGYI
tifahc6		****		TIFAHC6
tiffani		****		TIFFANI
tigercat		****		TIGERCAT
tigerlong		****		TIGERLONG
tigerson		****		TIGERSON
tigger69		****		TIGGER69
tigger81		****		TIGGER81
tinashe		****		TINASHE
tinkerbell13		****		TINKERBELL13
tintin		****		TINTIN
titatita1		****		TITATITA1
tjhicks08		****		TJHICKS08
toddler		****		TODDLER
tokiohotel		****		TIKIOHOTEL
tomkat1		****		TOMKAT1
tomkaulitz		****		TOMKAULITZ
tony4me		****		TONY4ME
toocool		****		TOOCOOL
topshop		****		TOPSHOP
townsend		****		TOWNSEND
toymachine		****		TOYMACHINE
toyosan		****		TOYOSAN
trandafir		****		TRANDAFIR
tristan		****		TRISTAN
tristor		****		TRISTOR
troll		****		TROLL
truth1		****		TRUTH1
ttoilett		****		TTOILETT
tucieloymar		****		TUCIELOYMAR
turnmeon		****		TURNMEON
tweety06		****		TWEETY06
twinkle		****		TWINKLE
u2myspace		****		U2MYSPACE
umiami		****		UMIAMI
unayes1		****		UNAYES1
united06		****		UNITED06
unkokusai		****		UNKOKUSAI
uptown		****		UPTOWN
urmum		****		URMUM
usherworld		****		USHERWORLD
valoa1		****		VALOA1
vampires		****		VAMPIRES
vanessa		****		VANESSA
vanessa		****		VANESSA
vanessa		****		VANESSA
varis1		****		VARIS1
vdick1		****		VDCIK1
veliste		****		VELISTE
vermilian		****		VERMILIAN
vero_aries		****		VERO_ARIES
verop		****		VEROP
vicsil		****		VICSIL
victor0307		****		VICTOR0307
violindark		****		VIOLINDARK
viper4406		****		VIPER4406
vladnia2		****		VLADNIA2
voodoo		****		VOODOO
wademckay		****		WADEMCKAY
waffles101		****		WAFFLES101
wandako		****		WANDAKO
wanju		****		WANJU
wassupnga		****		WASSUPNGA
wdwmkak		****		WDWMKAK
wearemad		****		WEAREMAD
weasel		****		WEASEL
webmoc2		****		WEBMOC2
welcom036		****		WELCOM036
westlife		****		WESTLIFE
whatever		****		WHATEVER
whitewolf		****		WHITEWOLF
whitter		****		WHITTER
whyareyouhere?		****		WHYAREYOUHERE?
wildcats		****		WILDCATS
wildthing#7		****		WILDTHING#7
william		****		WILLIAM
william13		****		WILLIAM13
winsmerzero		****		WINSMERZERO
winwin		****		WINWIN
wombat		****		WOMBAT
wondodini		****		WONDODINI
wooten		****		WOOTEN
working		****		WORKING
xioxis		****		XIOXIS
xoxoxo45		****		XOXOXO45
xplayboyx		****		XPLAYBOYX
xxxxxx		****		XXXXXX
xxxxxx		****		XXXXXX
xyenne		****		XYENNE
y0o98ohHM+an		****		Y0O98OHhm+AN
yankee0		****		YANKEE0
yankees		****		YANKEES
yaquelin_15		****		YAQUILIN_15
yestan		****		TESTAN
yijeong		****		YIJEONG
yinyin		****		YINYIN
ynarivera		****		YNARIVERA
yoali		****		YOALI
yourmom		****		YOURMOM
yujjj4		****		YUJJJ4
yujuan		****		YUJUAN
yukon1999		****		YUKON1999
yuormom1		****		YUORMOM1
zamzam		****		ZAMZAM
zhalbajhe		****		ZHALBAJHE
zheloza		****		ZHELOZA
zzzzzz		****		ZZZZZZ
555555		****		444444
FAMOUSF		****		famousf
abcdefqh		****		ABCDEFQH
alanna		****		ALANNA
althea		****		ALTHEA
anafofa		****		ANAFOFA
angely		****		ANGELY
asdfgh		****		ASDFGH
basketball		****		BASKETBALL
bhenmark		****		BHENMARK
bonnie		****		BONNIE
brendagc		****		BRENDAGC
buboys		****		BUBOYS
cashinc		****		CASHINC
delacruz		****		DELACRUX
drubaby		****		DRUBABY
dumplin		****		DUMPLIN
elisha		****		ELISHA
faithmarie		****		FAITHMARIE
florina		****		FLORINA
fuckyou		****		FUCKYOU
fuk_uhoe		****		FUK_UHOE
gandako		****		FANDAKO
gunsmoke		****		GUNSMOKE
heavymetal		****		HEAVYMETAL
heyyou		****		HEYYOU
hotshot		****		HOTSHOT
hunter		****		HUNTER
ilovedean		****		ILOVEDEAN
jbrass		****		JBRASS
joerdrd		****		JOERDRD
johnson		****		JOHNSON
klapausius		****		KLAPAUSIUS
krackers		****		KRACKERS
kurama		****		KURAMA
lehcarlo		****		LEHCARLO
lerman		****		LERMAN
liezlbianca		****		LIEZLBIANCA
maricris		****		MARICRIS
marknee		****		MARKNEE
marksy		****		MARKSY
minkathy		****		MINKATHY
moulinrouge		****		MOULINROUGE
murray		****		MURRAY
mylove		****		MYLOVE
mzninny		****		MZNINNY
naruto		****		NARUTO
oregon		****		OREGON
password		****		PASSWORD
password		****		PASSWORD
pinecreek		****		PINECREEK
question		****		QUESTION
rockyou		****		ROCKYOU
simran		****		SIMRAN
statquo		****		STAGQUO
stojce		****		STOJCE
taffyy		****		TAFFYY
tmaxxx		****		TMAXXX
tsytsy		****		TSYTSY
vishakha		****		VISHAKHA
yesure		****		YESURE
0o0o0o0o		****		o0o0o0o0
1gimmie		****		1GIMMIE
2muchlove		****		2MUCHLOVE
2sixes		****		2SIXES
51837ctown		****		51837CTOWN
864bootie		****		864BOOTIE
96reunion		****		96REUNION
MARTIN13		****		Martin13
TINKER00		****		Tinker00
aggie0		****		AGGIE0
alfonso23		****		ALFONSO23
babyp1		****		BABYP1
blablabla123		****		BLABLABLA123
brocka1		****		BROCKA1
clashrds01		****		CLASHRDS01
daddyman1		****		DADDYMAN1
dance87		****		DANCE87
delfin1		****		DELFIN1
deportivo cuenca		****		deprtivo cuemca 
desiree1		****		DESIREE1
devonne12		****		DEVONNE12
dolphin92		****		DOLPHIN92
dwwjr1973		****		DWWJR1973
eagle12		****		EAGLE12
faith80		****		FAITH80
firegirl3		****		FIREGIRL3
flashdog1		****		FLASHDOG1
flowers2		****		FLOWERS2
formula1712		****		FORMULA1712
fredd1e		****		FREDD1E
fuckoff33		****		FUCKOFF33
guard2009		****		GUARD2009
gunther24		****		GUNTHER24
happy9		****		HAPPY9
hayden06		****		HAYDEN06
hd4life		****		HD4LIFE
hedid73		****		HEDID73
housepony481		****		HOUSEPONY481
ilhan_bircan_77		****		ILHAN_BIRCAN_77
ilove34		****		ILOVE34
iloveChaseCarre		****		ILOVEcHASEcARRE
ilovematt123		****		ILOVEMATT123
j@vier		****		J@VIER
jamallsun1		****		JAMALLSUN1
janeen44		****		JANEEN44
jellybean77		****		JELLYBEAN77
jesus1		****		JESUS1
jmgu9hkwm1		****		JMGU9HKWM1
kare-bear		****		KARE-BEAR
kieqa91		****		KIEQA91
killa05		****		KILLA05
kitty360		****		KITTY360
leeyul8		****		;eeui;9
lena2dra		****		LENA2DRA
lenox9345		****		LENOX9345
lilgurl2cold		****		LILGURL2COLD
litlebossy234		****		LITLEBOSSY234
logan11		****		LOGAN11
lonie1		****		LONIE1
love me		****		LOVE ME
lucian2		****		LUCIAN2
lyndsay11		****		LYNDSAY11
mahalkita13		****		MAHALKITA13
micha23		****		MICHA23
monkey1505		****		MONKEY1505
moore1		****		MOORE1
nathan09		****		NATHAN09
number4		****		NUMBER4
one4love		****		ONE4LOVE
paint77		****		PAINT77
password00		****		PASSWORD00
polvari97		****		POLVARI97
qwert6		****		QWERT6
sergei1983		****		SERGIE1983
silverwindow88		****		SILVERWINDOW88
starlight5		****		STARLIGHT5
tawan0862302490		****		TAWAN0862302490
turtle07		****		TURTLE07
weare138		****		WEARE138
weezy06		****		WEEZY06
whoopdedo1		****		WHOOPDEDO1
william22		****		WILLIAM22
(6corazon)		****		(6CORAZON)
**gerrard1		****		**GERRARD1
**linda47jr.		****		**LINDA47JR.
*Program@		****		*pROGRAM@
-longaiying@1314		****		-LONGAIYING@1314
123456abc.		****		1123456abc
19natalie9413.fr		****		19NATALIE9413.FR
1Matosto		****		1mATOSTO
1e9d9g5a0r.		****		1E9D9G5A0R.
9954JSjas		****		9954jsJAS
Amber12		****		aMBER12
Anopho83		****		aNOPHO83
Bankai2k7		****		bANKAI2K7
Beckham_114		****		bACKHAM_114
Bourne321		****		bOURNE321
Cheese!		****		cHEESE!
Cyo-vFmK		****		cYO-VfMk
ELdiarioDEunaPASION379		****		WLdiarioDEunaPasion379
Froglegs88		****		fROGLEGS88
Fstmn50		****		fSTMN50
Gracie01		****		gRACIE01
Graham22		****		gRAHAM22
Greentea1		****		gREENTEA1
HUrgk156		****		huRGK156
Hussain2311		****		hUSSAIN2311
Johnny05		****		jOHNNY05
Just4Today		****		jUST4tODAY
LILgirl5		****		lilGIRL5
LaYniiS123		****		lAyNIIs123
Laur2n		****		lAUR2N
London2006		****		lONDON2006
Maelstrom88		****		mAELSTROM88
Mookie131		****		Niijue131
POKEMON@dragon		****		pokemon@DRAGON
Pinyerd1		****		pINYERD1
Scottys86		****		SCOTTYS86
Shellme77		****		sHELLME77
Single1Life		****		sINGLE1lIFE
Yellow66		****		yELLOW66
Zsmile1		****		ZSMILE1
arcangel07.		****		aracangel07
balance02A		****		BALANCE02a
batuhan1997--		****		BATUHAN1997--
boomer#89		****		BOOMER#89
bvcs-d3115		****		BVCS-D3115
champion=5		****		CHAMPION=5
classof10!		****		CLASSOF10!
dominik-1		****		DOMINIK-1
estrategia/8		****		ESTRATEGIA/8
firemaN95		****		FIREMAn95
football40$		****		FOOTBALL40$
kathy_@78		****		KATHY_@78
kitkat_<3		****		KITKAT_<3
ksjgv,d17		****		KSJGV,D17
lucas/lsg/2311		****		LUCAS/LSG/2311
lucky#9		****		LUCKY#9
ms.weedy1		****		MS.WEEDY1
ojkiyd,kd231653		****		OJKIYD,KD231653
playboy100%		****		PLAYBOY100%
purple71*		****		PURPLE71*
romeoluver18@hotmail.com		****		ROMEOLUVER18@HOTMAIL.COM
sevmekzormu89*0		****		SEVMEKZORMU89*0
sex#1love#2		****		SEX#1LOVE#2
sexyisme.6		****		SEXYISME.6
soccer#9		****		SOCCER#9
socr4eA		****		SOCR4Ea
!@#123ZXCzxc		****		!@#123zxcZXC
!QAZ2wsx		****		!qaz2WSX
,ki6Fdt		****		,KI6fDT
1804,Aaliyah		****		1804,aALIYAH
1am *MaRiNe16* No2*		****		1AM *mArInE16* nO2*
1qaz@WSX		****		1QAZ@wsx
A-b-c-1		****		a-B0C01
AFmil$321		****		afMIL$321
ALL4ceasi!		****		all4CEASI!
Ac3xyw!6j		****		aC3XYW!6J
Alexis#1		****		aLEXIS#1
Casper*1		****		cASPER*1
Dalton89-		****		dALTON89-
DanLaDi.-0		****		dANlAdI.-0
DanieL9:15		****		dANIEl9:15
Ecp1234.		****		Ecp 1234
FLUFFY&angel05		****		fluffy&ANGEL05
Fearless1!		****		fEARLESS1!
Geetha$18		****		gEETHA$18
Holly 2k8		****		hOLLY 2K8
I_Love_tyler.123		****		i_lOVE_TYLER.123
Ilovelou1!		****		iLOVELOU1!
Improve*it*1		****		iMPROVE*IT*1
K@t3lover		****		k@T3LOVER
KCchiefs2&bbq		****		KCCHIEFS2&BBQ
Karen23$		****		kAREN12$
Kiara@102love		****		kIARA@102LOVE
Libbytigger7!		****		lIBBYTIGGER7!
MArio69!@		****		maRIO69!@
Marine#1		****		maRINE#1
Minnie06-07		****		mINNIE06-07
P@ssw0rd		****		p@SSW0UD
P@ssw0rd		****		p@SSW0RD
P@ssw0rd		****		p@SSW0RD
P@ssw0rd		****		p@SSW)RD
PePe*114		****		Ag56087!
Raiders#1		****		rAIDERS#1
Sammyty.28		****		sAMMYTY.28
Scooter#4		****		sCOOTER#4
Stamper1?		****		sTAMPER1?
Tinkabell-1		****		TINKABELL-1
Tokmv'9itdki		****		tOKMV'9ITDKI
Triad#1		****		tRIAD#1
Unhappy#77		****		uNHAPPY#77
bhinG@10		****		BHINg@10
bhu8*UHB		****		BHU8*uhb
brandy27(L)		****		BRANDY27(L)
by..ESRA_88		****		BY..esra+88
cMac11@moR		****		CmAC11@MOR
eLENA04#		****		Elena04#
espaRRA92==		****		ESPArra92==
goRoma!303		****		GOrOMA@303
heartsFC#1		****		HEARTSfc#1
jidO8*titA		****		JID08*TITa
jviquezs970@YAHOO.COM		****		JVIQUEZS970@yahoo.com
kaleb#81AZ		****		KALEB#81az
mEtaLmAIden#88		****		Metalmaiden#88
nes_ja55@HOTMAIL.COM		****		nes_ja55@hotmail.com
p,9,4UFpI		****		P,9,4ufPi
smallville7:P***		****		SMALLVILLE7:p***
whitty#123@DW		****		WHITTY#123@dw
xXxVero18Ay@xXx		****		XxXvERO18aY@XxX
zete$W33		****		ZETE$w33
